<?xml version="1.0" encoding="UTF-8"?>
<metadata xmlns="http://www.demandware.com/xml/impex/metadata/2006-10-31">
    <type-extension type-id="SitePreferences">
        <custom-attribute-definitions>
            <attribute-definition attribute-id="PP_AuthorizationInCaseOfOrder">
                <display-name xml:lang="x-default">Run Authorization in Case of Order</display-name>
                 <description xml:lang="x-default">Run Authorization in Case of Order (DoAuthorization call will be invoked right after PaymentAction Order)</description>
                <type>boolean</type>
                <mandatory-flag>false</mandatory-flag>
                <externally-managed-flag>false</externally-managed-flag>
                <default-value>false</default-value>
            </attribute-definition>
            <attribute-definition attribute-id="PP_API_NoShipping">
                <display-name xml:lang="x-default">Display shipping address state</display-name>
                <description xml:lang="x-default">Determines where or not PayPal displays shipping address fields on the PayPal pages. (If preference "Shipping Address Override" and "Accept only confirmed shipping addresses" are No, "PayPal does not display shipping address fields whatsoever" cannot be used)</description>
                <type>enum-of-string</type>
                <mandatory-flag>false</mandatory-flag>
                <externally-managed-flag>false</externally-managed-flag>
                <value-definitions>
                    <value-definition default="true">
                        <display xml:lang="x-default">PayPal displays the shipping address on the PayPal pages</display>
                        <value>0</value>
                    </value-definition>
                    <value-definition>
                        <display xml:lang="x-default">PayPal does not display shipping address fields whatsoever</display>
                        <value>1</value>
                    </value-definition>
                    <value-definition>
                        <display xml:lang="x-default">If you do not pass the shipping address, PayPal obtains it from the buyer's account profile</display>
                        <value>2</value>
                    </value-definition>
                </value-definitions>
            </attribute-definition>
            <attribute-definition attribute-id="PP_API_ExpressPaymentAction">
                <display-name xml:lang="x-default">Payment Action</display-name>
                <description xml:lang="x-default">Payment action can be Order, Sale, Authorization</description>
                <type>enum-of-string</type>
                <mandatory-flag>false</mandatory-flag>
                <externally-managed-flag>false</externally-managed-flag>
                <value-definitions>
                    <value-definition default="true">
                        <display xml:lang="x-default">Authorization</display>
                        <value>Authorization</value>
                    </value-definition>
                    <value-definition>
                        <display xml:lang="x-default">Sale</display>
                        <value>Sale</value>
                    </value-definition>
                    <value-definition>
                        <display xml:lang="x-default">Order</display>
                        <value>Order</value>
                    </value-definition>
                </value-definitions>
            </attribute-definition>
            <attribute-definition attribute-id="PP_API_ReqConfirmShipping">
                <display-name xml:lang="x-default">Accept only confirmed shipping addresses</display-name>
                <description xml:lang="x-default">If enabled then Customer address should be confirmed and verified by PayPal. If not then address verification is omitted.</description>
                <type>boolean</type>
                <mandatory-flag>false</mandatory-flag>
                <externally-managed-flag>false</externally-managed-flag>
                <default-value>false</default-value>
            </attribute-definition>
            <attribute-definition attribute-id="PP_API_RequestBillingAddressFromPayPal">
                <display-name xml:lang="x-default">Retrieve Billing Address From PayPal</display-name>
                <description xml:lang="x-default">If checked and address from PayPal is used then save it to Demandware order record. Note: Please contact PayPal support to be sure that this feature is enabled for you.</description>
                <type>boolean</type>
                <mandatory-flag>false</mandatory-flag>
                <externally-managed-flag>false</externally-managed-flag>
                <default-value>true</default-value>
            </attribute-definition>
            <attribute-definition attribute-id="PP_ShowExpressCheckoutButtonOnCart">
                <display-name xml:lang="x-default">Enable PayPal Express Checkout on the cart page</display-name>
                <type>boolean</type>
                <mandatory-flag>false</mandatory-flag>
                <externally-managed-flag>false</externally-managed-flag>
                <default-value>false</default-value>
            </attribute-definition>
            <attribute-definition attribute-id="PP_CreditBannerHeight">
                <display-name xml:lang="x-default">PayPal Credit Banner Height</display-name>
                <description xml:lang="x-default">Height can't be a random value. See PayPal banner sizes on the PayPal's finance portal for more information</description>
                <type>string</type>
                <mandatory-flag>false</mandatory-flag>
                <externally-managed-flag>false</externally-managed-flag>
                <min-length>0</min-length>
                <default-value>100</default-value>
            </attribute-definition>
            <attribute-definition attribute-id="PP_CreditBannerWidth">
                <display-name xml:lang="x-default">PayPal Credit Banner Width</display-name>
                <description xml:lang="x-default">Width can't be a random value. See PayPal banner sizes for more information</description>
                <type>string</type>
                <mandatory-flag>false</mandatory-flag>
                <externally-managed-flag>false</externally-managed-flag>
                <min-length>0</min-length>
                <default-value>190</default-value>
            </attribute-definition>
            <attribute-definition attribute-id="PP_API_ShippingAddressOverride">
                <display-name xml:lang="x-default">Shipping Address Override</display-name>
                <description xml:lang="x-default">Defines where to take shipping address. If preference is No - shipping address is taken from PayPal (data, entered on shipping page, doesn't matter)</description>
                <type>boolean</type>
                <mandatory-flag>false</mandatory-flag>
                <externally-managed-flag>false</externally-managed-flag>
                <default-value>false</default-value>
            </attribute-definition>
            <attribute-definition attribute-id="PP_API_LogoImageUrl">
                <display-name xml:lang="x-default">Logo image URL</display-name>
                <description xml:lang="x-default">URL should include protocol e.g. https</description>
                <type>string</type>
                <mandatory-flag>false</mandatory-flag>
                <externally-managed-flag>false</externally-managed-flag>
                <min-length>0</min-length>
            </attribute-definition>
            <attribute-definition attribute-id="PP_API_BrandName">
                <display-name xml:lang="x-default">Brand Name</display-name>
                <description xml:lang="x-default">Brand Name will be displayed on the PayPal pages</description>
                <type>string</type>
                <mandatory-flag>false</mandatory-flag>
                <externally-managed-flag>false</externally-managed-flag>
                <min-length>0</min-length>
            </attribute-definition>
			<attribute-definition attribute-id="PP_MarketingSolutionsId">
                <display-name xml:lang="x-default">PayPal Marketing Solutions ID</display-name>
                <description xml:lang="x-default">https://www.paypal.com/marketingsolutions</description>
                <type>string</type>
                <mandatory-flag>false</mandatory-flag>
                <externally-managed-flag>false</externally-managed-flag>
                <min-length>0</min-length>
            </attribute-definition>
            <attribute-definition attribute-id="PP_API_ExpressCheckoutSolutionType">
                <display-name xml:lang="x-default">Express Checkout Solution Type</display-name>
                <description xml:lang="x-default">Sole – Buyer does not need to create a PayPal account to check out. This is referred to as PayPal Account Optional. Mark – Buyer must have a PayPal account to check out</description>
                <type>enum-of-string</type>
                <mandatory-flag>false</mandatory-flag>
                <externally-managed-flag>false</externally-managed-flag>
                <value-definitions>
                    <value-definition default="true">
                        <display xml:lang="x-default">Sole</display>
                        <value>Sole</value>
                    </value-definition>
                    <value-definition>
                        <display xml:lang="x-default">Mark</display>
                        <value>Mark</value>
                    </value-definition>
                </value-definitions>
            </attribute-definition>
            <attribute-definition attribute-id="PP_API_ExpressCheckoutLandingPage">
                <display-name xml:lang="x-default">Express Checkout Landing Page</display-name>
                <description xml:lang="x-default">Type of PayPal page to display. It is one of the following values: Billing – Non-PayPal account, Login – PayPal account login</description>
                <type>enum-of-string</type>
                <mandatory-flag>false</mandatory-flag>
                <externally-managed-flag>false</externally-managed-flag>
                <value-definitions>
                    <value-definition default="true">
                        <display xml:lang="x-default">Login</display>
                        <value>Login</value>
                    </value-definition>
                    <value-definition>
                        <display xml:lang="x-default">Billing</display>
                        <value>Billing</value>
                    </value-definition>
                </value-definitions>
            </attribute-definition>
			<attribute-definition attribute-id="PP_BillingAgreementState">
                <display-name xml:lang="x-default">Billing Agreement State</display-name>
                <description xml:lang="x-default">Allows to specify what behaviour of billing agreement must be</description>
                <type>enum-of-string</type>
                <mandatory-flag>false</mandatory-flag>
                <externally-managed-flag>false</externally-managed-flag>
                <value-definitions>
                    <value-definition default="true">
                        <display xml:lang="x-default">Do not create a billing agreement</display>
                        <value>DoNotCreate</value>
                    </value-definition>
                    <value-definition>
                        <display xml:lang="x-default">Require all buyers to create a billing agreement</display>
                        <value>RequireAllBuyers</value>
                    </value-definition>
					<value-definition>
                        <display xml:lang="x-default">Allow buyers to choose whether to create a billing agreement</display>
                        <value>BuyersChoose</value>
                    </value-definition>
                </value-definitions>
            </attribute-definition>
            <attribute-definition attribute-id="PP_API_BillingAgreementDescription">
                <display-name xml:lang="x-default">Billing Agreement Description</display-name>
                <description xml:lang="x-default">Maximum length: 126 characters</description>
                <type>string</type>
                <mandatory-flag>false</mandatory-flag>
                <externally-managed-flag>false</externally-managed-flag>
                <min-length>0</min-length>
                <field-height>5</field-height>
            </attribute-definition>
            <attribute-definition attribute-id="PP_API_BillingAgreementType">
                <display-name xml:lang="x-default">Billing Agreement Type</display-name>
                <description xml:lang="x-default">Billing Agreement Type</description>
                <type>enum-of-string</type>
                <mandatory-flag>false</mandatory-flag>
                <externally-managed-flag>false</externally-managed-flag>
                <value-definitions>
                    <value-definition default="true">
                        <display xml:lang="x-default">MerchantInitiatedBilling</display>
                        <value>MerchantInitiatedBilling</value>
                    </value-definition>
                    <value-definition>
                        <display xml:lang="x-default">MerchantInitiatedBillingSingleAgreement</display>
                        <value>MerchantInitiatedBillingSingleAgreement</value>
                    </value-definition>
                </value-definitions>
            </attribute-definition>
            <attribute-definition attribute-id="PP_API_BillingAgreementPaymentType">
                <display-name xml:lang="x-default">Billing Agreement Payment Type</display-name>
                <description xml:lang="x-default">Allows you to specify what payment types you will accept for payments made under this billing agreement</description>
                <type>enum-of-string</type>
                <mandatory-flag>false</mandatory-flag>
                <externally-managed-flag>false</externally-managed-flag>
                <value-definitions>
                    <value-definition default="true">
                        <display xml:lang="x-default">Any</display>
                        <value>Any</value>
                    </value-definition>
                    <value-definition>
                        <display xml:lang="x-default">InstantOnly</display>
                        <value>InstantOnly</value>
                    </value-definition>
                </value-definitions>
            </attribute-definition>
            <attribute-definition attribute-id="PP_API_ReferenceTransactionPaymentAction">
                <display-name xml:lang="x-default">Reference Transaction Payment Action</display-name>
                <description xml:lang="x-default">Payment Action for the Reference Transactions. This setting will be used for all transactions using Billing Agreement</description>
                <type>enum-of-string</type>
                <mandatory-flag>false</mandatory-flag>
                <externally-managed-flag>false</externally-managed-flag>
                <value-definitions>
                    <value-definition default="true">
                        <display xml:lang="x-default">Sale</display>
                        <value>Sale</value>
                    </value-definition>
                    <value-definition>
                        <display xml:lang="x-default">Authorization</display>
                        <value>Authorization</value>
                    </value-definition>
                    <value-definition>
                        <display xml:lang="x-default">Order</display>
                        <value>Order</value>
                    </value-definition>
                </value-definitions>
            </attribute-definition>
            <attribute-definition attribute-id="PP_Merchant_Publisher_ID">
                <display-name xml:lang="x-default">Merchant Publisher ID</display-name>
                <description xml:lang="x-default">PP MerchantPublisher ID for the credit banner and other financing tools</description>
                <type>string</type>
                <mandatory-flag>false</mandatory-flag>
                <externally-managed-flag>false</externally-managed-flag>
                <min-length>0</min-length>
            </attribute-definition>
            <attribute-definition attribute-id="PP_LogIpnNotifications">
                <display-name xml:lang="x-default">Write IPN notifications to the Logs</display-name>
                <description xml:lang="x-default">Notifications will appear in the logs in the JSON format in the logs folder with custom name 'notification'</description>
                <type>boolean</type>
                <mandatory-flag>false</mandatory-flag>
                <externally-managed-flag>false</externally-managed-flag>
            </attribute-definition>
            <attribute-definition attribute-id="PP_Credit_Campaign_ID">
                <display-name xml:lang="x-default">Campaign ID for PayPal credit banner</display-name>
                <description xml:lang="x-default">Id of the campaigning that will show the PayPal credit banner</description>
                <type>string</type>
                <mandatory-flag>false</mandatory-flag>
                <externally-managed-flag>false</externally-managed-flag>
                <min-length>0</min-length>
            </attribute-definition>
			<attribute-definition attribute-id="PP_MultipleCapture">
                <display-name xml:lang="x-default">Allow Multiple Capture</display-name>
                <description xml:lang="x-default">Allows merchant to capture multiple times the same authorization. For this needs to be toggled by PayPal. A "Capture" button may appear at times where capture still isn’t available.</description>
                <type>boolean</type>
                <mandatory-flag>false</mandatory-flag>
                <externally-managed-flag>false</externally-managed-flag>
                <default-value>false</default-value>
            </attribute-definition>
			<attribute-definition attribute-id="PP_Cart_Button_Config">
                <display-name xml:lang="x-default">Cart Button Configuration</display-name>
                <description xml:lang="x-default">Format: JS object literal notation</description>
                <type>string</type>
                <mandatory-flag>false</mandatory-flag>
                <externally-managed-flag>false</externally-managed-flag>
                <min-length>0</min-length>
                <field-height>10</field-height>
            </attribute-definition>
			<attribute-definition attribute-id="PP_Billing_Button_Config">
                <display-name xml:lang="x-default">Billing Button Configuration</display-name>
                <description xml:lang="x-default">Format: JS object literal notation</description>
                <type>string</type>
                <mandatory-flag>false</mandatory-flag>
                <externally-managed-flag>false</externally-managed-flag>
                <min-length>0</min-length>
                <field-height>10</field-height>
            </attribute-definition>
			<attribute-definition attribute-id="PP_ShowCreditFinancialBanners">
                <display-name xml:lang="x-default">Enable PayPal UK Credit Financial Options Banners</display-name>
                <type>boolean</type>
                <mandatory-flag>false</mandatory-flag>
                <externally-managed-flag>false</externally-managed-flag>
                <default-value>false</default-value>
            </attribute-definition>
			<attribute-definition attribute-id="PP_CreditFinancialOptionsPassword">
                <display-name xml:lang="x-default">Password to enable PayPal UK Credit Financial Options Banners</display-name>
                <description xml:lang="x-default">Reach out to your PayPal representative to obtain this value</description>
                <type>string</type>
                <mandatory-flag>false</mandatory-flag>
                <externally-managed-flag>false</externally-managed-flag>
                <min-length>0</min-length>
            </attribute-definition>
        </custom-attribute-definitions>
        <group-definitions>
           <attribute-group group-id="Paypal_Branding">
                <display-name xml:lang="x-default">PayPal Branding</display-name>
                <attribute attribute-id="PP_Merchant_Publisher_ID"/>
				<attribute attribute-id="PP_API_BrandName"/>
                <attribute attribute-id="PP_API_LogoImageUrl"/>
                <attribute attribute-id="PP_Credit_Campaign_ID"/>
                <attribute attribute-id="PP_CreditBannerWidth"/>
                <attribute attribute-id="PP_CreditBannerHeight"/>
                <attribute attribute-id="PP_MarketingSolutionsId"/>
                <attribute attribute-id="PP_ShowCreditFinancialBanners"/>
                <attribute attribute-id="PP_CreditFinancialOptionsPassword"/>
            </attribute-group>
            <attribute-group group-id="Paypal_Express_Checkout">
                <display-name xml:lang="x-default">PayPal Express Checkout</display-name>
                <attribute attribute-id="PP_ShowExpressCheckoutButtonOnCart"/>
                <attribute attribute-id="PP_API_ExpressPaymentAction"/>
                <attribute attribute-id="PP_API_ReferenceTransactionPaymentAction"/>
                <attribute attribute-id="PP_AuthorizationInCaseOfOrder"/>
				<attribute attribute-id="PP_BillingAgreementState"/>
                <attribute attribute-id="PP_API_BillingAgreementDescription"/>
                <attribute attribute-id="PP_API_BillingAgreementType"/>
                <attribute attribute-id="PP_API_BillingAgreementPaymentType"/>
                <attribute attribute-id="PP_API_ShippingAddressOverride"/>
                <attribute attribute-id="PP_API_RequestBillingAddressFromPayPal"/>
                <attribute attribute-id="PP_API_ReqConfirmShipping"/>
                <attribute attribute-id="PP_API_ExpressCheckoutSolutionType"/>
                <attribute attribute-id="PP_API_ExpressCheckoutLandingPage"/>
                <attribute attribute-id="PP_API_NoShipping"/>
				<attribute attribute-id="PP_MultipleCapture"/>
				<attribute attribute-id="PP_LogIpnNotifications"/>
				<attribute attribute-id="PP_Cart_Button_Config"/>
				<attribute attribute-id="PP_Billing_Button_Config"/>
            </attribute-group>
        </group-definitions>
    </type-extension>
    <type-extension type-id="OrderPaymentInstrument">
        <custom-attribute-definitions>
            <attribute-definition attribute-id="paypalAck">
                <display-name xml:lang="x-default">PayPal Acknowledgement</display-name>
                <description xml:lang="x-default">PayPal Acknowledgement it is result of payment action (Auth, Order, Sale)</description>
                <type>string</type>
                <mandatory-flag>false</mandatory-flag>
                <externally-managed-flag>false</externally-managed-flag>
                <min-length>0</min-length>
            </attribute-definition>
            <attribute-definition attribute-id="paypalCorrelationId">
                <display-name xml:lang="x-default">PayPal Correlation ID</display-name>
                <description xml:lang="x-default">PayPal Correlation ID it is reference ID for PayPal API calls</description>
                <type>string</type>
                <mandatory-flag>false</mandatory-flag>
                <externally-managed-flag>false</externally-managed-flag>
                <min-length>0</min-length>
            </attribute-definition>
            <attribute-definition attribute-id="paypalPayerID">
                <display-name xml:lang="x-default">PayPal Payer ID</display-name>
                <description xml:lang="x-default">Required for PayPal integration</description>
                <type>string</type>
                <mandatory-flag>false</mandatory-flag>
                <externally-managed-flag>false</externally-managed-flag>
                <min-length>0</min-length>
            </attribute-definition>
            <attribute-definition attribute-id="paypalPaymentStatus">
                <display-name xml:lang="x-default">PayPal Payment Status</display-name>
                <description xml:lang="x-default">PayPal Payment Status</description>
                <type>string</type>
                <mandatory-flag>false</mandatory-flag>
                <externally-managed-flag>false</externally-managed-flag>
                <min-length>0</min-length>
            </attribute-definition>
            <attribute-definition attribute-id="paypalToken">
                <display-name xml:lang="x-default">PayPal Token</display-name>
                <description xml:lang="x-default">Used to identify Set, Get, Do ExpressCheckout API calls</description>
                <type>string</type>
                <mandatory-flag>false</mandatory-flag>
                <externally-managed-flag>false</externally-managed-flag>
                <min-length>0</min-length>
            </attribute-definition>
			<attribute-definition attribute-id="paypalBillingAgreement">
                <display-name xml:lang="x-default">PayPal Billing Agreement</display-name>
                <description xml:lang="x-default">Indicate if PayPal Billing Agreement is used for payment</description>
                <type>boolean</type>
                <mandatory-flag>false</mandatory-flag>
                <externally-managed-flag>false</externally-managed-flag>
            </attribute-definition>
			<attribute-definition attribute-id="paypalEmail">
                <display-name xml:lang="x-default">PayPal Email</display-name>
                <description xml:lang="x-default">PayPal Email</description>
                <type>string</type>
                <mandatory-flag>false</mandatory-flag>
                <externally-managed-flag>false</externally-managed-flag>
                <min-length>0</min-length>
            </attribute-definition>
        </custom-attribute-definitions>
        <group-definitions>
            <attribute-group group-id="paypal">
                <display-name xml:lang="x-default">PayPal</display-name>
                <attribute attribute-id="paypalPayerID"/>
                <attribute attribute-id="paypalToken"/>
                <attribute attribute-id="paypalCorrelationId"/>
                <attribute attribute-id="paypalAck"/>
                <attribute attribute-id="paypalPaymentStatus"/>
            </attribute-group>
        </group-definitions>
    </type-extension>
    <type-extension type-id="Profile">
        <custom-attribute-definitions>
            <attribute-definition attribute-id="paypalBillingAgreementData">
                <display-name xml:lang="x-default">Billing Agreement Data</display-name>
                <type>string</type>
                <mandatory-flag>false</mandatory-flag>
                <externally-managed-flag>false</externally-managed-flag>
                <min-length>0</min-length>
            </attribute-definition>
        </custom-attribute-definitions>
    </type-extension>
    <type-extension type-id="Order">
        <custom-attribute-definitions>
            <attribute-definition attribute-id="paypalPaymentMethod">
                <display-name xml:lang="x-default">PayPal Payment Method</display-name>
                <description xml:lang="x-default">express for the Express Checkout&#13;
directpayment for PayPal Direct Payment and Payments Pro</description>
                <type>string</type>
                <mandatory-flag>false</mandatory-flag>
                <externally-managed-flag>false</externally-managed-flag>
                <min-length>0</min-length>
            </attribute-definition>
        </custom-attribute-definitions>
    </type-extension>
	<type-extension type-id="PaymentTransaction">
        <custom-attribute-definitions>
            <attribute-definition attribute-id="transactionsHistory">
                <display-name xml:lang="x-default">Transactions History</display-name>
                <description xml:lang="x-default">All transactions is related with the order</description>
                <type>set-of-string</type>
                <mandatory-flag>false</mandatory-flag>
                <externally-managed-flag>false</externally-managed-flag>
            </attribute-definition>
        </custom-attribute-definitions>
    </type-extension>
	<type-extension type-id="CustomerAddress">
        <custom-attribute-definitions>
			<attribute-definition attribute-id="paypalDefaultShippingAddressCurrencyCode">
                <display-name xml:lang="x-default">Default PayPal Shipping Address Currency Code</display-name>
                <type>string</type>
                <mandatory-flag>false</mandatory-flag>
                <externally-managed-flag>false</externally-managed-flag>
                <min-length>0</min-length>
            </attribute-definition>
        </custom-attribute-definitions>
    </type-extension>
	<type-extension type-id="Basket">
        <custom-attribute-definitions>
            <attribute-definition attribute-id="paypalAlreadyHandledEmail">
                <display-name xml:lang="x-default">PayPal Temp Express Checkout Email</display-name>
                <type>string</type>
                <mandatory-flag>false</mandatory-flag>
                <externally-managed-flag>false</externally-managed-flag>
                <min-length>0</min-length>
            </attribute-definition>
            <attribute-definition attribute-id="paypalAlreadyHandledPayerID">
                <display-name xml:lang="x-default">PayPal Temp Express Checkout PayerID</display-name>
                <type>string</type>
                <mandatory-flag>false</mandatory-flag>
                <externally-managed-flag>false</externally-managed-flag>
                <min-length>0</min-length>
            </attribute-definition>
            <attribute-definition attribute-id="paypalAlreadyHandledToken">
                <display-name xml:lang="x-default">PayPal Temp Express Checkout Token</display-name>
                <type>string</type>
                <mandatory-flag>false</mandatory-flag>
                <externally-managed-flag>false</externally-managed-flag>
                <min-length>0</min-length>
            </attribute-definition>
        </custom-attribute-definitions>
    </type-extension>
	<type-extension type-id="OrderAddress">
        <custom-attribute-definitions>
            <attribute-definition attribute-id="isStore">
                <display-name xml:lang="x-default">Is Store Address</display-name>
                <type>boolean</type>
                <mandatory-flag>false</mandatory-flag>
                <externally-managed-flag>false</externally-managed-flag>
            </attribute-definition>
        </custom-attribute-definitions>
    </type-extension>
	<type-extension type-id="ServiceCredential">
        <custom-attribute-definitions>
            <attribute-definition attribute-id="PP_API_Signature">
                <display-name xml:lang="x-default">API Signature</display-name>
                <type>string</type>
                <mandatory-flag>false</mandatory-flag>
                <externally-managed-flag>false</externally-managed-flag>
                <min-length>0</min-length>
            </attribute-definition>
			<attribute-definition attribute-id="PP_API_IsProduction">
                <display-name xml:lang="x-default">It is production credentials</display-name>
                <type>boolean</type>
                <mandatory-flag>false</mandatory-flag>
                <externally-managed-flag>false</externally-managed-flag>
            </attribute-definition>
			<attribute-definition attribute-id="PP_API_UseCertificate">
                <display-name xml:lang="x-default">Use certificate</display-name>
                <type>boolean</type>
                <mandatory-flag>false</mandatory-flag>
                <externally-managed-flag>false</externally-managed-flag>
            </attribute-definition>
			<attribute-definition attribute-id="PP_RESTAPI_TempToken">
                <display-name xml:lang="x-default">REST API temp token</display-name>
                <type>string</type>
                <mandatory-flag>false</mandatory-flag>
                <externally-managed-flag>false</externally-managed-flag>
                <min-length>0</min-length>
            </attribute-definition>
			<attribute-definition attribute-id="PP_RESTAPI_TempTokenExpiredTime">
                <display-name xml:lang="x-default">REST API temp token expired time</display-name>
                <type>string</type>
                <mandatory-flag>false</mandatory-flag>
                <externally-managed-flag>false</externally-managed-flag>
                <min-length>0</min-length>
            </attribute-definition>
        </custom-attribute-definitions>
        <group-definitions>
            <attribute-group group-id="PP_API">
                <display-name xml:lang="x-default">PayPal</display-name>
                <attribute attribute-id="PP_API_IsProduction"/>
                <attribute attribute-id="PP_API_UseCertificate"/>
                <attribute attribute-id="PP_API_Signature"/>
            </attribute-group>
        </group-definitions>
    </type-extension>
</metadata>
