<?xml version="1.0" encoding="UTF-8"?>
<services xmlns="http://www.demandware.com/xml/impex/services/2014-09-26">

    <service-credential service-credential-id="PayPal_Sandbox_Certificate_Credentials_SiteGenesis">
        <url>https://api.sandbox.paypal.com/nvp</url>
        <user-id></user-id>
        <password masked="false"></password>
    </service-credential>

    <service-credential service-credential-id="PayPal_Production_Certificate_Credentials_SiteGenesis">
        <url>https://api.paypal.com/nvp</url>
        <user-id></user-id>
        <password masked="false"></password>
    </service-credential>

    <service-credential service-credential-id="PayPal_Sandbox_Signature_Credentials_SiteGenesis">
        <url>https://api-3t.sandbox.paypal.com/nvp</url>
        <user-id></user-id>
        <password masked="false"></password>
    </service-credential>

    <service-credential service-credential-id="PayPal_Production_Signature_Credentials_SiteGenesis">
        <url>https://api-3t.paypal.com/nvp</url>
        <user-id></user-id>
        <password masked="false"></password>
    </service-credential>

    <service-profile service-profile-id="PayPal_Default_Profile">
        <timeout-millis>60000</timeout-millis>
        <rate-limit-enabled>false</rate-limit-enabled>
        <rate-limit-calls>0</rate-limit-calls>
        <rate-limit-millis>0</rate-limit-millis>
        <cb-enabled>false</cb-enabled>
        <cb-calls>0</cb-calls>
        <cb-millis>0</cb-millis>
    </service-profile>

    <service service-id="int_paypal.http.nvp.payment.PayPal.SiteGenesis">
        <service-type>HTTP</service-type>
        <enabled>true</enabled>
        <log-prefix>PayPalHttpNvp</log-prefix>
        <comm-log-enabled>false</comm-log-enabled>
        <mock-mode-enabled>false</mock-mode-enabled>
        <profile-id>PayPal_Default_Profile</profile-id>
        <credential-id>PayPal_Sandbox_Signature_Credentials_SiteGenesis</credential-id>
    </service>

</services>
